<?xml version="1.0"?>
<Object name="VolumeAttributes">
    <Field name="legendFlag" type="bool">true</Field>
    <Field name="lightingFlag" type="bool">false</Field>
    <Object name="colorControlPoints">
        <Object name="ColorControlPointList">
            <Object name="ColorControlPoint">
                <Field name="colors" type="unsignedCharArray" length="4">60 89 255 255 </Field>
                <Field name="position" type="float">0.2788898</Field>
            </Object>
            <Object name="ColorControlPoint">
                <Field name="colors" type="unsignedCharArray" length="4">117 255 251 255 </Field>
                <Field name="position" type="float">0.3939151</Field>
            </Object>
            <Object name="ColorControlPoint">
                <Field name="colors" type="unsignedCharArray" length="4">113 255 103 255 </Field>
                <Field name="position" type="float">0.4683747</Field>
            </Object>
            <Object name="ColorControlPoint">
                <Field name="colors" type="unsignedCharArray" length="4">255 255 78 255 </Field>
                <Field name="position" type="float">0.5158794</Field>
            </Object>
            <Object name="ColorControlPoint">
                <Field name="colors" type="unsignedCharArray" length="4">255 255 70 255 </Field>
                <Field name="position" type="float">0.6311716</Field>
            </Object>
            <Object name="ColorControlPoint">
                <Field name="colors" type="unsignedCharArray" length="4">255 100 48 255 </Field>
                <Field name="position" type="float">0.6760074</Field>
            </Object>
            <Field name="smoothing" type="string">Linear</Field>
            <Field name="equal" type="bool">false</Field>
            <Field name="discrete" type="bool">false</Field>
            <Field name="category" type="string"></Field>
        </Object>
    </Object>
    <Field name="opacityAttenuation" type="float">0.2039216</Field>
    <Field name="opacityMode" type="string">FreeformMode</Field>
    <Object name="opacityControlPoints">
        <Object name="GaussianControlPointList">
            <Object name="GaussianControlPoint">
                <Field name="x" type="float">0.3450835</Field>
                <Field name="height" type="float">0.638472</Field>
                <Field name="width" type="float">0.3008216</Field>
                <Field name="xBias" type="float">0</Field>
                <Field name="yBias" type="float">0</Field>
            </Object>
            <Object name="GaussianControlPoint">
                <Field name="x" type="float">0.7362841</Field>
                <Field name="height" type="float">0.006821275</Field>
                <Field name="width" type="float">0.1757355</Field>
                <Field name="xBias" type="float">0</Field>
                <Field name="yBias" type="float">0</Field>
            </Object>
        </Object>
    </Object>
    <Field name="resampleFlag" type="bool">true</Field>
    <Field name="resampleTarget" type="int">50000</Field>
    <Field name="opacityVariable" type="string">default</Field>
    <Field name="compactVariable" type="string">default</Field>
    <Field name="freeformOpacity" type="unsignedCharArray" length="256">101 102 104 106 108 110 113 116 120 123 127 130 134 138 141 144 146 149 152 154 156 159 161 163 164 165 167 168 169 170 171 171 172 173 173 174 175 175 175 176 176 177 177 178 178 178 178 179 179 180 180 181 181 182 182 182 183 183 183 184 184 184 185 185 185 186 186 186 186 186 186 186 187 187 187 187 187 186 185 185 184 184 184 185 185 185 184 183 182 181 179 177 174 172 169 165 161 157 153 149 146 144 141 139 136 134 131 129 127 124 123 121 120 119 118 116 115 113 111 110 109 107 106 105 103 103 102 102 101 101 101 98 97 95 95 94 93 92 91 90 89 88 87 86 85 83 82 85 85 84 83 83 82 81 80 79 78 77 76 75 74 72 72 71 69 68 67 65 64 63 63 61 59 57 54 52 51 45 43 40 34 28 25 22 19 16 14 13 12 11 10 9 9 8 7 6 5 4 2 2 0 1 1 1 1 1 1 1 0 0 0 0 0 0 0 0 0 0 0 0 0 0 0 0 0 0 0 0 0 0 0 0 0 0 0 0 0 0 0 0 0 0 0 0 0 0 0 0 0 0 0 0 0 0 0 0 </Field>
    <Field name="useColorVarMin" type="bool">false</Field>
    <Field name="colorVarMin" type="float">0</Field>
    <Field name="useColorVarMax" type="bool">false</Field>
    <Field name="colorVarMax" type="float">0</Field>
    <Field name="useOpacityVarMin" type="bool">false</Field>
    <Field name="opacityVarMin" type="float">0</Field>
    <Field name="useOpacityVarMax" type="bool">false</Field>
    <Field name="opacityVarMax" type="float">0</Field>
    <Field name="smoothData" type="bool">false</Field>
    <Field name="samplesPerRay" type="int">500</Field>
    <Field name="rendererType" type="string">OSPRaySLIVR</Field>
    <Field name="gradientType" type="string">SobelOperator</Field>
    <Field name="num3DSlices" type="int">200</Field>
    <Field name="scaling" type="string">Linear</Field>
    <Field name="skewFactor" type="double">1</Field>
    <Field name="limitsMode" type="string">OriginalData</Field>
    <Field name="sampling" type="string">Rasterization</Field>
    <Field name="rendererSamples" type="float">3</Field>
    <Field name="transferFunctionDim" type="int">1</Field>
    <Field name="lowGradientLightingReduction" type="string">Lower</Field>
    <Field name="lowGradientLightingClampFlag" type="bool">false</Field>
    <Field name="lowGradientLightingClampValue" type="double">1</Field>
    <Field name="materialProperties" type="doubleArray" length="4">0.4 0.75 0 15 </Field>
</Object>
