<?xml version="1.0"?>
<Object name="VolumeAttributes">
    <Field name="legendFlag" type="bool">true</Field>
    <Field name="lightingFlag" type="bool">false</Field>
    <Object name="colorControlPoints">
        <Object name="ColorControlPointList">
            <Object name="ColorControlPoint">
                <Field name="colors" type="unsignedCharArray" length="4">0 0 143 255 </Field>
                <Field name="position" type="float">0</Field>
            </Object>
            <Object name="ColorControlPoint">
                <Field name="colors" type="unsignedCharArray" length="4">0 0 255 255 </Field>
                <Field name="position" type="float">0.166666</Field>
            </Object>
            <Object name="ColorControlPoint">
                <Field name="colors" type="unsignedCharArray" length="4">0 255 255 255 </Field>
                <Field name="position" type="float">0.333333</Field>
            </Object>
            <Object name="ColorControlPoint">
                <Field name="colors" type="unsignedCharArray" length="4">128 255 128 255 </Field>
                <Field name="position" type="float">0.5</Field>
            </Object>
            <Object name="ColorControlPoint">
                <Field name="colors" type="unsignedCharArray" length="4">255 255 0 255 </Field>
                <Field name="position" type="float">0.666667</Field>
            </Object>
            <Object name="ColorControlPoint">
                <Field name="colors" type="unsignedCharArray" length="4">255 0 0 255 </Field>
                <Field name="position" type="float">0.833333</Field>
            </Object>
            <Object name="ColorControlPoint">
                <Field name="colors" type="unsignedCharArray" length="4">128 0 0 255 </Field>
                <Field name="position" type="float">1</Field>
            </Object>
            <Field name="smoothing" type="string">Linear</Field>
            <Field name="equal" type="bool">false</Field>
            <Field name="discrete" type="bool">false</Field>
            <Field name="category" type="string"></Field>
        </Object>
    </Object>
    <Field name="opacityAttenuation" type="float">0.2862745</Field>
    <Field name="opacityMode" type="string">FreeformMode</Field>
    <Object name="opacityControlPoints">
        <Object name="GaussianControlPointList">
            <Object name="GaussianControlPoint">
                <Field name="x" type="float">0.2</Field>
                <Field name="height" type="float">0.515625</Field>
                <Field name="width" type="float">0.1404558</Field>
                <Field name="xBias" type="float">0</Field>
                <Field name="yBias" type="float">0</Field>
            </Object>
            <Object name="GaussianControlPoint">
                <Field name="x" type="float">0.4</Field>
                <Field name="height" type="float">0.734375</Field>
                <Field name="width" type="float">0.1669516</Field>
                <Field name="xBias" type="float">0</Field>
                <Field name="yBias" type="float">0</Field>
            </Object>
            <Object name="GaussianControlPoint">
                <Field name="x" type="float">0.6</Field>
                <Field name="height" type="float">0.6875</Field>
                <Field name="width" type="float">0.1527066</Field>
                <Field name="xBias" type="float">0</Field>
                <Field name="yBias" type="float">0</Field>
            </Object>
            <Object name="GaussianControlPoint">
                <Field name="x" type="float">0.8</Field>
                <Field name="height" type="float">0.59375</Field>
                <Field name="width" type="float">0.1957265</Field>
                <Field name="xBias" type="float">0.001994312</Field>
                <Field name="yBias" type="float">0</Field>
            </Object>
            <Object name="GaussianControlPoint">
                <Field name="x" type="float">0.97151</Field>
                <Field name="height" type="float">0.09375</Field>
                <Field name="width" type="float">0.0626781</Field>
                <Field name="xBias" type="float">0.02136749</Field>
                <Field name="yBias" type="float">2</Field>
            </Object>
        </Object>
    </Object>
    <Field name="resampleFlag" type="bool">true</Field>
    <Field name="resampleTarget" type="int">50000</Field>
    <Field name="opacityVariable" type="string">default</Field>
    <Field name="compactVariable" type="string">default</Field>
    <Field name="freeformOpacity" type="unsignedCharArray" length="256">0 0 0 0 0 0 0 0 0 0 0 0 0 0 0 1 2 5 7 10 14 18 22 26 30 34 38 43 47 51 55 59 62 65 69 72 76 79 83 87 90 94 98 101 105 108 111 114 116 118 120 121 123 124 126 127 129 131 132 134 135 136 137 139 140 142 144 145 146 147 148 149 150 151 152 153 154 156 157 158 159 160 161 162 162 163 164 165 167 168 169 170 170 170 170 171 171 172 173 174 176 178 180 180 180 179 178 176 174 173 172 171 170 169 169 169 169 169 169 169 169 169 169 169 169 169 169 169 169 168 168 168 168 168 168 168 168 167 167 166 166 166 166 166 166 166 166 165 165 165 165 165 164 163 162 161 160 159 158 158 157 156 155 154 154 154 154 154 154 154 154 154 154 154 154 154 154 154 154 154 154 154 154 154 154 154 154 154 154 154 154 154 154 154 154 155 155 156 157 157 159 160 161 162 161 159 155 150 143 137 131 125 120 115 111 106 102 97 93 89 85 81 76 72 68 64 60 57 53 50 47 44 42 40 38 37 36 35 35 35 34 34 34 33 33 32 32 32 32 31 31 30 29 27 25 23 </Field>
    <Field name="useColorVarMin" type="bool">true</Field>
    <Field name="colorVarMin" type="float">0</Field>
    <Field name="useColorVarMax" type="bool">true</Field>
    <Field name="colorVarMax" type="float">0.15</Field>
    <Field name="useOpacityVarMin" type="bool">false</Field>
    <Field name="opacityVarMin" type="float">0</Field>
    <Field name="useOpacityVarMax" type="bool">false</Field>
    <Field name="opacityVarMax" type="float">0</Field>
    <Field name="smoothData" type="bool">false</Field>
    <Field name="samplesPerRay" type="int">2</Field>
    <Field name="rendererType" type="string">OSPRaySLIVR</Field>
    <Field name="gradientType" type="string">CenteredDifferences</Field>
    <Field name="num3DSlices" type="int">200</Field>
    <Field name="scaling" type="string">Linear</Field>
    <Field name="skewFactor" type="double">1</Field>
    <Field name="limitsMode" type="string">OriginalData</Field>
    <Field name="sampling" type="string">Rasterization</Field>
    <Field name="rendererSamples" type="float">3</Field>
    <Field name="transferFunctionDim" type="int">1</Field>
    <Field name="lowGradientLightingReduction" type="string">Lower</Field>
    <Field name="lowGradientLightingClampFlag" type="bool">false</Field>
    <Field name="lowGradientLightingClampValue" type="double">1</Field>
    <Field name="materialProperties" type="doubleArray" length="4">0.4 0.75 0 15 </Field>
</Object>
