<?xml version="1.0"?>
<Object name="VolumeAttributes">
    <Field name="legendFlag" type="bool">true</Field>
    <Field name="lightingFlag" type="bool">true</Field>
    <Object name="colorControlPoints">
        <Object name="ColorControlPointList">
            <Object name="ColorControlPoint">
                <Field name="colors" type="unsignedCharArray" length="4">158 1 66 255 </Field>
                <Field name="position" type="float">0.1290667</Field>
            </Object>
            <Object name="ColorControlPoint">
                <Field name="colors" type="unsignedCharArray" length="4">213 62 79 255 </Field>
                <Field name="position" type="float">0.2442667</Field>
            </Object>
            <Object name="ColorControlPoint">
                <Field name="colors" type="unsignedCharArray" length="4">244 109 67 255 </Field>
                <Field name="position" type="float">0.3365333</Field>
            </Object>
            <Object name="ColorControlPoint">
                <Field name="colors" type="unsignedCharArray" length="4">253 174 97 255 </Field>
                <Field name="position" type="float">0.4096</Field>
            </Object>
            <Object name="ColorControlPoint">
                <Field name="colors" type="unsignedCharArray" length="4">254 224 139 255 </Field>
                <Field name="position" type="float">0.4906667</Field>
            </Object>
            <Object name="ColorControlPoint">
                <Field name="colors" type="unsignedCharArray" length="4">255 255 191 255 </Field>
                <Field name="position" type="float">0.5568</Field>
            </Object>
            <Object name="ColorControlPoint">
                <Field name="colors" type="unsignedCharArray" length="4">230 245 152 255 </Field>
                <Field name="position" type="float">0.632</Field>
            </Object>
            <Object name="ColorControlPoint">
                <Field name="colors" type="unsignedCharArray" length="4">171 221 164 255 </Field>
                <Field name="position" type="float">0.6928</Field>
            </Object>
            <Object name="ColorControlPoint">
                <Field name="colors" type="unsignedCharArray" length="4">102 194 165 255 </Field>
                <Field name="position" type="float">0.7813333</Field>
            </Object>
            <Object name="ColorControlPoint">
                <Field name="colors" type="unsignedCharArray" length="4">50 136 189 255 </Field>
                <Field name="position" type="float">0.8549333</Field>
            </Object>
            <Object name="ColorControlPoint">
                <Field name="colors" type="unsignedCharArray" length="4">94 79 162 255 </Field>
                <Field name="position" type="float">1</Field>
            </Object>
            <Field name="smoothing" type="string">Linear</Field>
            <Field name="equal" type="bool">false</Field>
            <Field name="discrete" type="bool">false</Field>
            <Field name="category" type="string"></Field>
        </Object>
    </Object>
    <Field name="opacityAttenuation" type="float">0.3333333</Field>
    <Field name="opacityMode" type="string">GaussianMode</Field>
    <Object name="opacityControlPoints">
        <Object name="GaussianControlPointList">
            <Object name="GaussianControlPoint">
                <Field name="x" type="float">0.3719095</Field>
                <Field name="height" type="float">0.7839644</Field>
                <Field name="width" type="float">0.01</Field>
                <Field name="xBias" type="float">0</Field>
                <Field name="yBias" type="float">2</Field>
            </Object>
            <Object name="GaussianControlPoint">
                <Field name="x" type="float">0.9110994</Field>
                <Field name="height" type="float">0.5684062</Field>
                <Field name="width" type="float">0.03020781</Field>
                <Field name="xBias" type="float">0</Field>
                <Field name="yBias" type="float">2</Field>
            </Object>
            <Object name="GaussianControlPoint">
                <Field name="x" type="float">0.8027354</Field>
                <Field name="height" type="float">0.6755995</Field>
                <Field name="width" type="float">0.01</Field>
                <Field name="xBias" type="float">0</Field>
                <Field name="yBias" type="float">2</Field>
            </Object>
            <Object name="GaussianControlPoint">
                <Field name="x" type="float">0.6254603</Field>
                <Field name="height" type="float">0.5444288</Field>
                <Field name="width" type="float">0.04629147</Field>
                <Field name="xBias" type="float">0</Field>
                <Field name="yBias" type="float">0</Field>
            </Object>
            <Object name="GaussianControlPoint">
                <Field name="x" type="float">0.1309837</Field>
                <Field name="height" type="float">0.07475317</Field>
                <Field name="width" type="float">0.094687</Field>
                <Field name="xBias" type="float">0</Field>
                <Field name="yBias" type="float">0</Field>
            </Object>
            <Object name="GaussianControlPoint">
                <Field name="x" type="float">0.2751184</Field>
                <Field name="height" type="float">0.4541608</Field>
                <Field name="width" type="float">0.03208837</Field>
                <Field name="xBias" type="float">0</Field>
                <Field name="yBias" type="float">0</Field>
            </Object>
            <Object name="GaussianControlPoint">
                <Field name="x" type="float">0.4776433</Field>
                <Field name="height" type="float">0.787024</Field>
                <Field name="width" type="float">0.01</Field>
                <Field name="xBias" type="float">0</Field>
                <Field name="yBias" type="float">0</Field>
            </Object>
            <Object name="GaussianControlPoint">
                <Field name="x" type="float">0.5597054</Field>
                <Field name="height" type="float">0.8377997</Field>
                <Field name="width" type="float">0.01</Field>
                <Field name="xBias" type="float">0</Field>
                <Field name="yBias" type="float">0</Field>
            </Object>
            <Object name="GaussianControlPoint">
                <Field name="x" type="float">0.7222515</Field>
                <Field name="height" type="float">0.7221439</Field>
                <Field name="width" type="float">0.01578116</Field>
                <Field name="xBias" type="float">0</Field>
                <Field name="yBias" type="float">0</Field>
            </Object>
        </Object>
    </Object>
    <Field name="resampleFlag" type="bool">true</Field>
    <Field name="resampleTarget" type="int">50000</Field>
    <Field name="opacityVariable" type="string">default</Field>
    <Field name="compactVariable" type="string">default</Field>
    <Field name="freeformOpacity" type="unsignedCharArray" length="256">0 5 8 11 14 16 18 21 24 27 29 32 35 37 40 42 45 50 54 59 63 68 72 77 82 85 90 93 96 99 102 105 107 108 109 110 110 111 111 111 111 110 109 109 108 107 106 105 103 102 101 100 98 97 96 95 94 91 90 88 86 84 82 78 75 72 69 66 64 62 59 58 55 54 52 51 51 50 50 49 48 48 48 47 47 47 47 47 47 47 47 47 47 47 47 47 48 49 50 51 52 52 52 53 54 54 55 56 58 59 60 61 62 63 65 66 67 68 71 73 74 76 78 80 82 85 87 90 91 95 96 99 101 104 105 106 108 109 111 112 113 114 116 118 120 121 122 123 124 125 125 125 126 126 126 126 126 126 127 127 127 127 128 127 126 125 125 123 122 120 118 116 114 112 111 109 108 106 104 102 100 98 96 94 92 90 88 86 84 82 80 79 77 76 75 75 74 73 73 72 72 71 71 70 70 70 69 68 68 68 68 68 68 68 68 68 69 70 70 71 72 73 74 75 76 77 78 80 82 84 86 88 89 91 95 98 101 105 107 109 112 114 116 118 120 122 125 127 130 133 136 138 141 143 146 159 </Field>
    <Field name="useColorVarMin" type="bool">true</Field>
    <Field name="colorVarMin" type="float">500</Field>
    <Field name="useColorVarMax" type="bool">true</Field>
    <Field name="colorVarMax" type="float">900</Field>
    <Field name="useOpacityVarMin" type="bool">false</Field>
    <Field name="opacityVarMin" type="float">0</Field>
    <Field name="useOpacityVarMax" type="bool">false</Field>
    <Field name="opacityVarMax" type="float">0</Field>
    <Field name="smoothData" type="bool">false</Field>
    <Field name="samplesPerRay" type="int">500</Field>
    <Field name="rendererType" type="string">OSPRaySLIVR</Field>
    <Field name="gradientType" type="string">SobelOperator</Field>
    <Field name="num3DSlices" type="int">200</Field>
    <Field name="scaling" type="string">Linear</Field>
    <Field name="skewFactor" type="double">1</Field>
    <Field name="limitsMode" type="string">OriginalData</Field>
    <Field name="sampling" type="string">Rasterization</Field>
    <Field name="rendererSamples" type="float">3</Field>
    <Field name="transferFunctionDim" type="int">1</Field>
    <Field name="lowGradientLightingReduction" type="string">Lower</Field>
    <Field name="lowGradientLightingClampFlag" type="bool">false</Field>
    <Field name="lowGradientLightingClampValue" type="double">1</Field>
    <Field name="materialProperties" type="doubleArray" length="4">0.3 0.9 0.1 15 </Field>
</Object>
