<?xml version="1.0"?>
<Object name="VolumeAttributes">
    <Field name="legendFlag" type="bool">true</Field>
    <Field name="lightingFlag" type="bool">true</Field>
    <Object name="colorControlPoints">
        <Object name="ColorControlPointList">
            <Object name="ColorControlPoint">
                <Field name="colors" type="unsignedCharArray" length="4">0 0 255 255 </Field>
                <Field name="position" type="float">0</Field>
            </Object>
            <Object name="ColorControlPoint">
                <Field name="colors" type="unsignedCharArray" length="4">0 255 255 255 </Field>
                <Field name="position" type="float">0.25</Field>
            </Object>
            <Object name="ColorControlPoint">
                <Field name="colors" type="unsignedCharArray" length="4">0 255 0 255 </Field>
                <Field name="position" type="float">0.3057143</Field>
            </Object>
            <Object name="ColorControlPoint">
                <Field name="colors" type="unsignedCharArray" length="4">255 255 0 255 </Field>
                <Field name="position" type="float">0.3571429</Field>
            </Object>
            <Object name="ColorControlPoint">
                <Field name="colors" type="unsignedCharArray" length="4">255 0 0 255 </Field>
                <Field name="position" type="float">1</Field>
            </Object>
            <Field name="smoothing" type="string">Linear</Field>
            <Field name="equal" type="bool">false</Field>
            <Field name="discrete" type="bool">false</Field>
            <Field name="category" type="string"></Field>
        </Object>
    </Object>
    <Field name="opacityAttenuation" type="float">0.2470588</Field>
    <Field name="opacityMode" type="string">GaussianMode</Field>
    <Object name="opacityControlPoints">
        <Object name="GaussianControlPointList">
            <Object name="GaussianControlPoint">
                <Field name="x" type="float">0.05706134</Field>
                <Field name="height" type="float">0.2333333</Field>
                <Field name="width" type="float">0.03994294</Field>
                <Field name="xBias" type="float">0</Field>
                <Field name="yBias" type="float">0</Field>
            </Object>
            <Object name="GaussianControlPoint">
                <Field name="x" type="float">0.15</Field>
                <Field name="height" type="float">0.2833334</Field>
                <Field name="width" type="float">0.05</Field>
                <Field name="xBias" type="float">0</Field>
                <Field name="yBias" type="float">0</Field>
            </Object>
            <Object name="GaussianControlPoint">
                <Field name="x" type="float">0.25</Field>
                <Field name="height" type="float">0.3833333</Field>
                <Field name="width" type="float">0.05</Field>
                <Field name="xBias" type="float">0</Field>
                <Field name="yBias" type="float">0</Field>
            </Object>
            <Object name="GaussianControlPoint">
                <Field name="x" type="float">0.35</Field>
                <Field name="height" type="float">0.5</Field>
                <Field name="width" type="float">0.05</Field>
                <Field name="xBias" type="float">0</Field>
                <Field name="yBias" type="float">0</Field>
            </Object>
            <Object name="GaussianControlPoint">
                <Field name="x" type="float">0.45</Field>
                <Field name="height" type="float">0.5</Field>
                <Field name="width" type="float">0.05</Field>
                <Field name="xBias" type="float">0</Field>
                <Field name="yBias" type="float">0</Field>
            </Object>
            <Object name="GaussianControlPoint">
                <Field name="x" type="float">0.55</Field>
                <Field name="height" type="float">0.5</Field>
                <Field name="width" type="float">0.05</Field>
                <Field name="xBias" type="float">0</Field>
                <Field name="yBias" type="float">0</Field>
            </Object>
            <Object name="GaussianControlPoint">
                <Field name="x" type="float">0.65</Field>
                <Field name="height" type="float">0.7333333</Field>
                <Field name="width" type="float">0.05</Field>
                <Field name="xBias" type="float">0</Field>
                <Field name="yBias" type="float">0</Field>
            </Object>
            <Object name="GaussianControlPoint">
                <Field name="x" type="float">0.75</Field>
                <Field name="height" type="float">0.75</Field>
                <Field name="width" type="float">0.05</Field>
                <Field name="xBias" type="float">0</Field>
                <Field name="yBias" type="float">0</Field>
            </Object>
            <Object name="GaussianControlPoint">
                <Field name="x" type="float">0.85</Field>
                <Field name="height" type="float">0.75</Field>
                <Field name="width" type="float">0.05</Field>
                <Field name="xBias" type="float">0</Field>
                <Field name="yBias" type="float">0</Field>
            </Object>
            <Object name="GaussianControlPoint">
                <Field name="x" type="float">0.95</Field>
                <Field name="height" type="float">0.8333333</Field>
                <Field name="width" type="float">0.05</Field>
                <Field name="xBias" type="float">0</Field>
                <Field name="yBias" type="float">0</Field>
            </Object>
        </Object>
    </Object>
    <Field name="resampleFlag" type="bool">true</Field>
    <Field name="resampleTarget" type="int">50000</Field>
    <Field name="opacityVariable" type="string">default</Field>
    <Field name="compactVariable" type="string">default</Field>
    <Field name="freeformOpacity" type="unsignedCharArray" length="256">0 21 43 65 86 108 130 151 173 195 173 151 130 108 86 65 43 21 0 0 21 43 65 86 108 130 151 173 195 173 151 130 108 86 65 43 21 0 0 21 43 65 86 108 130 151 173 195 173 151 130 108 86 65 43 21 0 0 21 43 65 86 108 130 151 173 195 173 151 130 108 86 65 43 21 0 0 21 43 65 86 108 130 151 173 195 173 151 130 108 86 65 43 21 0 0 21 43 65 86 108 130 151 173 195 173 151 130 108 86 65 43 21 0 0 21 43 65 86 108 130 151 173 195 173 151 130 108 86 65 43 21 0 0 21 43 65 86 108 130 151 173 195 173 151 130 108 86 65 43 21 0 0 21 43 65 86 108 130 151 173 195 173 151 130 108 86 65 43 21 0 0 21 43 65 86 108 130 151 173 195 173 151 130 108 86 65 43 21 0 0 21 43 65 86 108 130 151 173 195 173 151 130 108 86 65 43 21 0 0 21 43 65 86 108 130 151 173 195 173 151 130 108 86 65 43 21 0 0 21 43 65 86 108 130 151 173 195 173 151 130 108 86 65 43 21 0 0 21 43 65 86 108 130 151 173 </Field>
    <Field name="useColorVarMin" type="bool">false</Field>
    <Field name="colorVarMin" type="float">0</Field>
    <Field name="useColorVarMax" type="bool">true</Field>
    <Field name="colorVarMax" type="float">10</Field>
    <Field name="useOpacityVarMin" type="bool">false</Field>
    <Field name="opacityVarMin" type="float">0</Field>
    <Field name="useOpacityVarMax" type="bool">false</Field>
    <Field name="opacityVarMax" type="float">0</Field>
    <Field name="smoothData" type="bool">false</Field>
    <Field name="samplesPerRay" type="int">500</Field>
    <Field name="rendererType" type="string">OSPRaySLIVR</Field>
    <Field name="gradientType" type="string">SobelOperator</Field>
    <Field name="num3DSlices" type="int">200</Field>
    <Field name="scaling" type="string">Linear</Field>
    <Field name="skewFactor" type="double">1</Field>
    <Field name="limitsMode" type="string">OriginalData</Field>
    <Field name="sampling" type="string">Rasterization</Field>
    <Field name="rendererSamples" type="float">3</Field>
    <Field name="transferFunctionDim" type="int">1</Field>
    <Field name="lowGradientLightingReduction" type="string">Lower</Field>
    <Field name="lowGradientLightingClampFlag" type="bool">false</Field>
    <Field name="lowGradientLightingClampValue" type="double">1</Field>
    <Field name="materialProperties" type="doubleArray" length="4">0.4 0.75 0 15 </Field>
</Object>
